Data,Titolo,Descrizione_Completa,Autore,Immagine,Link
25/04/2026,"Verissimo: Michelle Hunziker, Lino Banfi e Tina Cipollari tra gli ospiti","In studio anche Serena Rossi, Mimmo dei Cesaroni e Marco Bocci. Ecco tutti gli ospiti del weekend",Algert Myrtja,https://www.davidemaggio.it/app/uploads/2025/11/TINA-CIPOLLARI_92762-1024x683.jpg,https://www.davidemaggio.it/verissimo/verissimo-michelle-hunziker-lino-banfi-e-tina-cipollari-tra-gli-ospiti
25/04/2026 - 14:05,"TV Talk: Corrado Formigli, Flavio Insinna e Paola Perego tra gli ospiti",Presenti anche Giovanni Esposito e Scintilla per parlare della nuova edizione di LOL. Ecco le anticipazioni del 25 aprile 2026,Algert Myrtja,https://www.davidemaggio.it/app/uploads/2024/10/Insinna-e-il-cane-1024x586.jpeg,https://www.davidemaggio.it/tv-talk/tv-talk-corrado-formigli-flavio-insinna-e-paola-perego-tra-gli-ospiti
25/04/2026 - 13:00,"Canzonissima 2026, la finale in diretta",Ospiti Sal Da Vinci e Senhit. Live dalle 21.30 circa in contemporanea con la messa in onda della puntata su Rai 1,Roberto Mallò,https://www.davidemaggio.it/app/uploads/2026/03/Milly-Carlucci.webp,https://www.davidemaggio.it/canzonissima/canzonissima-2026-la-finale-in-diretta
24/04/2026 - 20:55,"Grande Fratello Vip 2026, diretta dodicesima puntata: in 4 al televoto per la prossima eliminazione",Ecco tutti i video e la cronaca live minuto per minuto della serata,Fabio Fabbretti,https://www.davidemaggio.it/app/uploads/2026/04/Ilary-Blasi-GF-Vip-2026.jpg,https://www.davidemaggio.it/grande-fratello/grande-fratello-vip-2026-diretta-dodicesima-puntata-nominati-cosa-e-successo
24/04/2026,"Propaganda Live: Frankie hi-nrg mc, Lina Simons e Michele Riondino tra gli ospiti","Per il reportage della settimana, Diego Bianchi racconta il segno lasciato da Papa Francesco. Ecco le anticipazioni del 24 aprile 2026",Algert Myrtja,https://www.davidemaggio.it/app/uploads/2026/03/Diego-Bianchi-2.jpeg,https://www.davidemaggio.it/propaganda-live/propaganda-live-frankie-hi-nrg-mc-lina-simons-e-michele-riondino-tra-gli-ospiti
24/04/2026,Ore 14 Sera raddoppia stasera contro Quarto Grado,Milo Infante in prima serata eccezionalmente di venerdì con uno speciale su Garlasco,Fabio Fabbretti,https://www.davidemaggio.it/app/uploads/2025/09/Milo-Infante-Ore-14-Sera-1024x576.png,https://www.davidemaggio.it/ore-14-rai/ore-14-sera-raddoppia-stasera-contro-quarto-grado
24/04/2026,Quarto Grado tra Garlasco e le avvelenate di Campobasso,Spazio anche al caso della tomba profanata di Pamela Genini. Ecco le anticipazioni del 24 aprile 2026,Algert Myrtja,https://www.davidemaggio.it/app/uploads/2025/09/Gianluigi-Nuzzi-e-Alessandra-Viero-Quarto-Grado-1024x640.jpg,https://www.davidemaggio.it/quarto-grado/quarto-grado-tra-garlasco-e-le-avvelenate-di-campobasso
24/04/2026,Money Road 2 su Sky Uno da giovedì 21 maggio 2026,Il reality rivelazione della scorsa stagione è pronto a tornare con 12 nuovi viaggiatori,Roberto Mallò,https://www.davidemaggio.it/app/uploads/2026/04/BSC06602-2000x1333.jpg,https://www.davidemaggio.it/money-road/money-road-2-su-sky-uno-da-giovedi-21-maggio-2026
23/04/2026,"Amici 2026, anticipazioni sesta puntata del Serale: arrivano Brancale, Meta e Siani","Tornano Argentero e Laurenti. Un nuovo eliminato nella sfida a squadre. Ecco cosa è successo nella registrazione, in onda su Canale 5 sabato 25 aprile",Fabio Fabbretti,https://www.davidemaggio.it/app/uploads/2025/03/14.-ALESSANDRO-SIANI_18A5665-scaled-e1776960080907-2000x1216.jpg,https://www.davidemaggio.it/amici-di-maria-de-filippi/amici-2026-anticipazioni-sesta-puntata-del-serale-arrivano-brancale-meta-e-siani
23/04/2026,Elly Schlein ospite a Piazzapulita,Corrado Formigli torna a occuparsi della crisi d'identità della destra di Governo. Ecco le anticipazioni del 23 aprile 2026,Algert Myrtja,https://www.davidemaggio.it/app/uploads/2025/10/Elly-Schlein-Piazzapulita-1024x577.jpeg,https://www.davidemaggio.it/piazzapulita/elly-schlein-ospite-a-piazzapulita
23/04/2026,"Le Iene stasera con Lucia Ocone e Frankie hi-nrg mc. Tra i servizi, la parabola di Fabrizio Miccoli",Prosegue l'inchiesta di Filippo Roma sul caso della Scommessa Collettiva di Mario Adinolfi. Ecco le anticipazioni del 23 aprile 2026,Algert Myrtja,https://www.davidemaggio.it/app/uploads/2025/09/Le-Iene-Veronica-Gentili-e-Max-Angioni-1024x682.jpg,https://www.davidemaggio.it/le-iene/le-iene-stasera-con-lucia-ocone-e-frankie-hi-nrg-mc-tra-i-servizi-la-parabola-di-fabrizio-miccoli
23/04/2026,"Splendida Cornice: Ute Lemper, Diego Abatantuono e Giorgio Locatelli tra gli ospiti","Geppi Cucciari canta ""Vattene amore"" con Mietta. Ecco le anticipazioni del 23 aprile 2026",Algert Myrtja,https://www.davidemaggio.it/app/uploads/2025/10/Geppi-Cucciari-Splendida-Cornice-1024x576.jpg,https://www.davidemaggio.it/splendida-cornice/splendida-cornice-ute-lemper-diego-abatantuono-e-giorgio-locatelli-tra-gli-ospiti
